BASE_DTTM,REG_DTTM,SUDN_ST_ID,SUDN_LAST_VER,SUDN_SERV_ST_DTTM,SUDN_ST_DTTM,SUDN_ED_DTTM,SUDN_ST_CD,SUDN_ST_TYPE_CD,SUDN_ST_CONT,SUDN_ST_ROAD_KIND,SUDN_LANE_NO,VEHICLE_KIND,OCCUR_LINK_ID,OCCUR_X_POS,OCCUR_Y_POS,SUDN_ST_ROAD,SUDN_ST_SECTION,SUB_LINK_CNT,MID,KS_SUB_LINK_ID
202503270900,20250327090100,TBS-03778448,2,202410081352,202410081352,202504302359,B,99,"<TBS제공>[영등포고가차도 철거] '영등포로터리 구조개선공사'와 관련하여 경인로 서울교에서 영등포역 구간에 위치한 영등포고가차도 철거작업이 오는 10월 25일(금) 밤 11시부터 진행되어 고가차도 양방면 진입이 전면통제됩니다. 공사기간 중 신길역에서 영등포로터리를 경유하는 영등포역 직진 방향과 신길지하차도 좌회전 방향은 통행이 불가하고, 경인로, 영등포로, 신길로 등 교통 혼잡이 예상되니 미리 다른도로로 우회하시기 바랍니다. ＊공사기간(고가철거시행) : 2024년 10월 25일(금)~2025년 4월 말까지(예정)",1,0,0,1180073400,126.913417,37.518972,경인로,경인로,1,141,1180073500
202503270900,20250327090100,L93152136496,9,202503261830,202503261830,202504052200,B,0,<경찰청제공>[통제] 동남로 대명초교입구교차로 에서 생태공원삼거리 방향 양방향 전체차로 공사 [도로침하/전면통제] 동남로 생태공원삼거리↔대명초교사거리 도로침하로 양방향 전면통제  서울청,1,0,0,1240012300,127.15575,37.546111,동남로,동남로,2,388,"1240011402,1240012400"
202503270900,20250327090100,L93106245889,40,202107220000,202107220000,202511142359,B,0,<경찰청제공>[공사] 올림픽대로 올림픽대교 에서 천호대교 방향 4차로 도로공사 천호대로 남단IC 연결체계 개선공사 올림픽대로 천호대로 남단IC 부분통제 서울청,1,0,0,1230005404,127.118333,37.540972,올림픽대로,올림픽대로,0,241,
202503270900,20250327090100,L93106217263,92,202106300000,202106300000,202804302359,B,0,"<경찰청제공>[공사] 영동대로 삼성역사거리 에서 코엑스 방향 6차로 도로공사 영동대로 지하공간 복합개발 건설공사, 장소: 코엑스사거리~삼상역 일원 부분통제 서울청",1,0,0,1220003402,127.061583,37.512056,영동대로,영동대로,0,167,
202503270900,20250327090100,TBS-03754740,2,202401111758,202401111758,202607290500,B,99,"<TBS제공>[공사소식] 서부간선도로 일반도로화 및 친환경공간 조성공사로 인해 서부간선도로 목동교에서 신정교구간 양방면과. 광명대교에서 금천교구간 양방면의 야간공사 (22:00~익일 05:00)가 진행됩니다. 왕복 4개차로중 2개차로씩 부분통제로 서부간선도로 등 주변도로 정체 및 혼잡 예상되니 이용에 참고하시기 바랍니다. *공사기간 : 2023년 12월 20일~2026년 7월 28일(광명대교~금천교), 2024년1월 15일~2026년 7월 8일(목동교~신정교) 22:00~05:00 (야간공사) ※주간에는 기존 왕복 4개차로 유지",1,0,0,1170030200,126.878806,37.474667,서부간선도로,서부간선도로,7,222,"1170030300,1180001303,1180002102,1180002202,1180077200,2130043400,2130043500"
202503270900,20250327090100,L93152136236,255,202503270746,202503270746,202503270816,B,0,<경찰청제공>[공사] 내부순환도로 홍은IC 에서 홍지문터널남측 방향 1차로 시설물보수 내부순환로 홍은램프→홍지문터널입구 성수JC 방향,1,0,0,1120002201,126.957389,37.595556,내부순환도로,내부순환도로,0,195,
202503270900,20250327090100,2025031101832,5,202501052100,202501060000,202506302359,B,99,천호대로 광나루역방향 아차산역 스타벅스 앞 도로 배수관정비공사로 부분통제 01/06~06/30 24시간,1,2,0,1040003702,127.090028,37.550778,천호대로,아차산역 스타벅스 앞 도로,2,107,"1040003703,1040003704"
202503270900,20250327090100,L93151476461,243,202502100700,202502100700,202506301700,B,0,<경찰청제공>[공사] 강변북로 상암동48792 에서 공중화장실중앙연결브 방향 1차로 도로공사 [공사] 월드컵공원 강변북로 관문녹지 경관개선사업공사/장소: 마포구 상암동 487-92/통제:부분통제  서울청,1,0,0,1130005802,126.883083,37.564833,강변북로,강변북로,0,315,
202503270900,20250327090100,L93152099775,255,202503241831,202503241831,202503270807,B,0,<경찰청제공>[통제] 동남로 한영중고교앞교차로 에서 생태공원앞 방향 양방향 전체차로 공사 [도로침하/전면통제]동남로 대명초교입구사거리 교차로 도로침하로 한영중고교앞교차로↔ 생태공원 전면통제(대명초교입구교차로 동↔서간도 통제)  서울청,1,0,0,1240015300,127.156111,37.549,동남로,동남로,3,267,"1240012300,1240012400,1240015400"
202503270900,20250327090100,L93106252600,136,202107290000,202107290000,202511292359,B,0,<경찰청제공>[공사] 연결 체계 에서 개선공사 방향 1차로 도로공사 장소: 올림픽대로 잠실대교 남단IC본선및 연결로/통제방법: 부분통제 서울청,1,0,0,1230005001,127.095111,37.519583,연결,연결,0,333,
202503270900,20250327090100,L93146544022,148,202501010715,202501010715,202503311700,B,0,<경찰청제공>[공사] 서부간선도로 목동교 에서 신정교 방향 2차로 도로공사 [공사] 서부간선도로 일반도로화 및 친환경공간 조성공사 / 장소: 서부간선도로 목동교~신정교 / 부분통제  서울청,1,0,0,1185077100,126.889194,37.529917,서부간선도로,서부간선도로,6,341,"1185076200,1185074600,1185073200,1185023300,1185074300,1185195600"
202503270900,20250327090100,L93151797841,249,202503010714,202503010714,202505021700,B,0,"<경찰청제공>[공사] 강변북로 동호대교 에서 한남대교 방향 1차로 유지보수 [공사]2024년 두모교 보수공사/장소:강변북로 두모교 일산방면 상부(옥수동 489-1부근, 한남동 784부근)/부분통제  서울청",1,0,0,1030001100,127.018056,37.539639,강변북로,강변북로,1,347,1020000902
202503270900,20250327090100,S000000384016,13,202503270701,202503270701,202503270903,B,4,<서울시설공단제공>분당수서로 청담대교 방향 탄천1교→청담대교남단 시설물보수 3차로차단,1,2,0,1220003000,127.073333,37.501361,분당수서로,탄천1교→청담대교남단,0,318,
202503270900,20250327090100,L93142092407,100,202411251000,202411251000,202506161600,B,0,<경찰청제공>[공사] 내부순환도로 홍제천 고가교  에서 예그린유치원 방향 1차로 도로공사 [공사] 2024년 홍제천고가교 정밀안전진단 및 실태조사 용역/ 장소: 내부순환로 홍제천고가교 /부분통제   서울청,1,0,0,1120001400,126.935583,37.579583,내부순환도로,내부순환도로,0,246,
202503270900,20250327090100,L93137884522,169,202410272300,202410272300,202504302359,B,0,<경찰청제공>[공사] 경인로 영등포고가차도 에서 영등포고가차도 방향 양방향 전체차로 도로공사 [공사/전면통제] 영등포로터리 구조개선공사/ 장소: 영등포 고가차도 철거작업으로  양방향 전면통제 서울청,1,0,0,1180073500,126.914611,37.519806,경인로,경인로,3,243,"1180000902,1180001002,1180073400"
202503270900,20250327090100,TBS-03716604,3,202303161708,202303161708,202807252359,B,99,<TBS제공>[공사소식] 강동구 고덕2동 아리수로와 고덕비즈밸리로 교차점 인근 약 200m 구간 양방면 지하철공사로 왕복 6개차로중 1~2개차로 부분통제 *공사기간 : 2023년 3월 16일부터 2028년 7월 25일까지 예정 ※일정은 현장여건에 따라 변동될 수 있음.,1,0,0,1240028301,127.160889,37.562861,강동구 고덕2동,강동구 고덕2동,1,196,1240028401
202503270900,20250327090100,L93152136264,255,202503270752,202503270752,202503270822,B,0,<경찰청제공>[공사] 반포대로 대검찰청 에서 반포동5132 방향 4차로 유지보수 주의운전,1,0,0,1210021904,127.005556,37.49625,반포대로,반포대로,0,362,
202503270900,20250327090100,L93151998609,141,202503180700,202503180700,202512311800,B,0,<경찰청제공>[공사] 강변북로 양화대교북측 에서 양화대교북측 방향 1차로 도로공사 [공사] 사고위험 도시고속도로 구조개선공사 /장소: 강변북로(구리) 양화대교 진입램프 /부분통제,1,0,0,1130045800,126.906333,37.548056,강변북로,강변북로,0,306,
202503270900,20250327090100,L93152020203,176,202503190700,202503190700,202505211700,B,0,<경찰청제공>[공사] 동부간선도로 탄천2교 에서 한국가스안전공사서울 방향 3차로 도로공사 [공사] 동부간선도로 진출램프교 공사 / 장소: 대치동 78-28(동부간선도로  탄천2교 인접부 /부분통제   서울청,1,0,0,1220002901,127.070972,37.502083,동부간선도로,동부간선도로,0,402,
202503270905,20250327090600,TBS-03778448,2,202410081352,202410081352,202504302359,B,99,"<TBS제공>[영등포고가차도 철거] '영등포로터리 구조개선공사'와 관련하여 경인로 서울교에서 영등포역 구간에 위치한 영등포고가차도 철거작업이 오는 10월 25일(금) 밤 11시부터 진행되어 고가차도 양방면 진입이 전면통제됩니다. 공사기간 중 신길역에서 영등포로터리를 경유하는 영등포역 직진 방향과 신길지하차도 좌회전 방향은 통행이 불가하고, 경인로, 영등포로, 신길로 등 교통 혼잡이 예상되니 미리 다른도로로 우회하시기 바랍니다. ＊공사기간(고가철거시행) : 2024년 10월 25일(금)~2025년 4월 말까지(예정)",1,0,0,1180073400,126.913417,37.518972,경인로,경인로,1,141,1180073500
202503270905,20250327090600,L93152136496,9,202503261830,202503261830,202504052200,B,0,<경찰청제공>[통제] 동남로 대명초교입구교차로 에서 생태공원삼거리 방향 양방향 전체차로 공사 [도로침하/전면통제] 동남로 생태공원삼거리↔대명초교사거리 도로침하로 양방향 전면통제  서울청,1,0,0,1240012300,127.15575,37.546111,동남로,동남로,2,388,"1240011402,1240012400"
202503270905,20250327090600,L93106245889,40,202107220000,202107220000,202511142359,B,0,<경찰청제공>[공사] 올림픽대로 올림픽대교 에서 천호대교 방향 4차로 도로공사 천호대로 남단IC 연결체계 개선공사 올림픽대로 천호대로 남단IC 부분통제 서울청,1,0,0,1230005404,127.118333,37.540972,올림픽대로,올림픽대로,0,241,
202503270905,20250327090600,L93106217263,92,202106300000,202106300000,202804302359,B,0,"<경찰청제공>[공사] 영동대로 삼성역사거리 에서 코엑스 방향 6차로 도로공사 영동대로 지하공간 복합개발 건설공사, 장소: 코엑스사거리~삼상역 일원 부분통제 서울청",1,0,0,1220003402,127.061583,37.512056,영동대로,영동대로,0,167,
202503270905,20250327090600,TBS-03754740,2,202401111758,202401111758,202607290500,B,99,"<TBS제공>[공사소식] 서부간선도로 일반도로화 및 친환경공간 조성공사로 인해 서부간선도로 목동교에서 신정교구간 양방면과. 광명대교에서 금천교구간 양방면의 야간공사 (22:00~익일 05:00)가 진행됩니다. 왕복 4개차로중 2개차로씩 부분통제로 서부간선도로 등 주변도로 정체 및 혼잡 예상되니 이용에 참고하시기 바랍니다. *공사기간 : 2023년 12월 20일~2026년 7월 28일(광명대교~금천교), 2024년1월 15일~2026년 7월 8일(목동교~신정교) 22:00~05:00 (야간공사) ※주간에는 기존 왕복 4개차로 유지",1,0,0,1170030200,126.878806,37.474667,서부간선도로,서부간선도로,7,222,"1170030300,1180001303,1180002102,1180002202,1180077200,2130043400,2130043500"
202503270905,20250327090600,L93152136236,255,202503270746,202503270746,202503270816,B,0,<경찰청제공>[공사] 내부순환도로 홍은IC 에서 홍지문터널남측 방향 1차로 시설물보수 내부순환로 홍은램프→홍지문터널입구 성수JC 방향,1,0,0,1120002201,126.957389,37.595556,내부순환도로,내부순환도로,0,195,
202503270905,20250327090600,2025031101832,5,202501052100,202501060000,202506302359,B,99,천호대로 광나루역방향 아차산역 스타벅스 앞 도로 배수관정비공사로 부분통제 01/06~06/30 24시간,1,2,0,1040003702,127.090028,37.550778,천호대로,아차산역 스타벅스 앞 도로,2,107,"1040003703,1040003704"
202503270905,20250327090600,L93151476461,243,202502100700,202502100700,202506301700,B,0,<경찰청제공>[공사] 강변북로 상암동48792 에서 공중화장실중앙연결브 방향 1차로 도로공사 [공사] 월드컵공원 강변북로 관문녹지 경관개선사업공사/장소: 마포구 상암동 487-92/통제:부분통제  서울청,1,0,0,1130005802,126.883083,37.564833,강변북로,강변북로,0,315,
202503270905,20250327090600,L93152099775,255,202503241831,202503241831,202503270807,B,0,<경찰청제공>[통제] 동남로 한영중고교앞교차로 에서 생태공원앞 방향 양방향 전체차로 공사 [도로침하/전면통제]동남로 대명초교입구사거리 교차로 도로침하로 한영중고교앞교차로↔ 생태공원 전면통제(대명초교입구교차로 동↔서간도 통제)  서울청,1,0,0,1240015300,127.156111,37.549,동남로,동남로,3,267,"1240012300,1240012400,1240015400"
202503270905,20250327090600,L93106252600,136,202107290000,202107290000,202511292359,B,0,<경찰청제공>[공사] 연결 체계 에서 개선공사 방향 1차로 도로공사 장소: 올림픽대로 잠실대교 남단IC본선및 연결로/통제방법: 부분통제 서울청,1,0,0,1230005001,127.095111,37.519583,연결,연결,0,333,
202503270905,20250327090600,L93146544022,148,202501010715,202501010715,202503311700,B,0,<경찰청제공>[공사] 서부간선도로 목동교 에서 신정교 방향 2차로 도로공사 [공사] 서부간선도로 일반도로화 및 친환경공간 조성공사 / 장소: 서부간선도로 목동교~신정교 / 부분통제  서울청,1,0,0,1185077100,126.889194,37.529917,서부간선도로,서부간선도로,6,341,"1185076200,1185074600,1185073200,1185023300,1185074300,1185195600"
202503270905,20250327090600,L93151797841,249,202503010714,202503010714,202505021700,B,0,"<경찰청제공>[공사] 강변북로 동호대교 에서 한남대교 방향 1차로 유지보수 [공사]2024년 두모교 보수공사/장소:강변북로 두모교 일산방면 상부(옥수동 489-1부근, 한남동 784부근)/부분통제  서울청",1,0,0,1030001100,127.018056,37.539639,강변북로,강변북로,1,347,1020000902
202503270905,20250327090600,S000000384016,255,202503270701,202503270701,202503270903,B,4,<서울시설공단제공>분당수서로 청담대교 방향 탄천1교→청담대교남단 시설물보수 3차로차단,1,2,0,1220003000,127.073333,37.501361,분당수서로,탄천1교→청담대교남단,0,318,
202503270905,20250327090600,L93142092407,100,202411251000,202411251000,202506161600,B,0,<경찰청제공>[공사] 내부순환도로 홍제천 고가교  에서 예그린유치원 방향 1차로 도로공사 [공사] 2024년 홍제천고가교 정밀안전진단 및 실태조사 용역/ 장소: 내부순환로 홍제천고가교 /부분통제   서울청,1,0,0,1120001400,126.935583,37.579583,내부순환도로,내부순환도로,0,246,
202503270905,20250327090600,L93137884522,169,202410272300,202410272300,202504302359,B,0,<경찰청제공>[공사] 경인로 영등포고가차도 에서 영등포고가차도 방향 양방향 전체차로 도로공사 [공사/전면통제] 영등포로터리 구조개선공사/ 장소: 영등포 고가차도 철거작업으로  양방향 전면통제 서울청,1,0,0,1180073500,126.914611,37.519806,경인로,경인로,3,243,"1180000902,1180001002,1180073400"
202503270905,20250327090600,TBS-03716604,3,202303161708,202303161708,202807252359,B,99,<TBS제공>[공사소식] 강동구 고덕2동 아리수로와 고덕비즈밸리로 교차점 인근 약 200m 구간 양방면 지하철공사로 왕복 6개차로중 1~2개차로 부분통제 *공사기간 : 2023년 3월 16일부터 2028년 7월 25일까지 예정 ※일정은 현장여건에 따라 변동될 수 있음.,1,0,0,1240028301,127.160889,37.562861,강동구 고덕2동,강동구 고덕2동,1,196,1240028401
202503270905,20250327090600,L93152136264,255,202503270752,202503270752,202503270822,B,0,<경찰청제공>[공사] 반포대로 대검찰청 에서 반포동5132 방향 4차로 유지보수 주의운전,1,0,0,1210021904,127.005556,37.49625,반포대로,반포대로,0,362,
202503270905,20250327090600,L93151998609,141,202503180700,202503180700,202512311800,B,0,<경찰청제공>[공사] 강변북로 양화대교북측 에서 양화대교북측 방향 1차로 도로공사 [공사] 사고위험 도시고속도로 구조개선공사 /장소: 강변북로(구리) 양화대교 진입램프 /부분통제,1,0,0,1130045800,126.906333,37.548056,강변북로,강변북로,0,306,
202503270905,20250327090600,L93152020203,176,202503190700,202503190700,202505211700,B,0,<경찰청제공>[공사] 동부간선도로 탄천2교 에서 한국가스안전공사서울 방향 3차로 도로공사 [공사] 동부간선도로 진출램프교 공사 / 장소: 대치동 78-28(동부간선도로  탄천2교 인접부 /부분통제   서울청,1,0,0,1220002901,127.070972,37.502083,동부간선도로,동부간선도로,0,402,
202503270910,20250327091100,TBS-03778448,2,202410081352,202410081352,202504302359,B,99,"<TBS제공>[영등포고가차도 철거] '영등포로터리 구조개선공사'와 관련하여 경인로 서울교에서 영등포역 구간에 위치한 영등포고가차도 철거작업이 오는 10월 25일(금) 밤 11시부터 진행되어 고가차도 양방면 진입이 전면통제됩니다. 공사기간 중 신길역에서 영등포로터리를 경유하는 영등포역 직진 방향과 신길지하차도 좌회전 방향은 통행이 불가하고, 경인로, 영등포로, 신길로 등 교통 혼잡이 예상되니 미리 다른도로로 우회하시기 바랍니다. ＊공사기간(고가철거시행) : 2024년 10월 25일(금)~2025년 4월 말까지(예정)",1,0,0,1180073400,126.913417,37.518972,경인로,경인로,1,141,1180073500
202503270910,20250327091100,L93152136496,9,202503261830,202503261830,202504052200,B,0,<경찰청제공>[통제] 동남로 대명초교입구교차로 에서 생태공원삼거리 방향 양방향 전체차로 공사 [도로침하/전면통제] 동남로 생태공원삼거리↔대명초교사거리 도로침하로 양방향 전면통제  서울청,1,0,0,1240012300,127.15575,37.546111,동남로,동남로,2,388,"1240011402,1240012400"
202503270910,20250327091100,L93106245889,40,202107220000,202107220000,202511142359,B,0,<경찰청제공>[공사] 올림픽대로 올림픽대교 에서 천호대교 방향 4차로 도로공사 천호대로 남단IC 연결체계 개선공사 올림픽대로 천호대로 남단IC 부분통제 서울청,1,0,0,1230005404,127.118333,37.540972,올림픽대로,올림픽대로,0,241,
202503270910,20250327091100,L93106217263,92,202106300000,202106300000,202804302359,B,0,"<경찰청제공>[공사] 영동대로 삼성역사거리 에서 코엑스 방향 6차로 도로공사 영동대로 지하공간 복합개발 건설공사, 장소: 코엑스사거리~삼상역 일원 부분통제 서울청",1,0,0,1220003402,127.061583,37.512056,영동대로,영동대로,0,167,
202503270910,20250327091100,TBS-03754740,2,202401111758,202401111758,202607290500,B,99,"<TBS제공>[공사소식] 서부간선도로 일반도로화 및 친환경공간 조성공사로 인해 서부간선도로 목동교에서 신정교구간 양방면과. 광명대교에서 금천교구간 양방면의 야간공사 (22:00~익일 05:00)가 진행됩니다. 왕복 4개차로중 2개차로씩 부분통제로 서부간선도로 등 주변도로 정체 및 혼잡 예상되니 이용에 참고하시기 바랍니다. *공사기간 : 2023년 12월 20일~2026년 7월 28일(광명대교~금천교), 2024년1월 15일~2026년 7월 8일(목동교~신정교) 22:00~05:00 (야간공사) ※주간에는 기존 왕복 4개차로 유지",1,0,0,1170030200,126.878806,37.474667,서부간선도로,서부간선도로,7,222,"1170030300,1180001303,1180002102,1180002202,1180077200,2130043400,2130043500"
202503270910,20250327091100,L93152136236,255,202503270746,202503270746,202503270816,B,0,<경찰청제공>[공사] 내부순환도로 홍은IC 에서 홍지문터널남측 방향 1차로 시설물보수 내부순환로 홍은램프→홍지문터널입구 성수JC 방향,1,0,0,1120002201,126.957389,37.595556,내부순환도로,내부순환도로,0,195,
202503270910,20250327091100,2025031101832,5,202501052100,202501060000,202506302359,B,99,천호대로 광나루역방향 아차산역 스타벅스 앞 도로 배수관정비공사로 부분통제 01/06~06/30 24시간,1,2,0,1040003702,127.090028,37.550778,천호대로,아차산역 스타벅스 앞 도로,2,107,"1040003703,1040003704"
202503270910,20250327091100,L93151476461,243,202502100700,202502100700,202506301700,B,0,<경찰청제공>[공사] 강변북로 상암동48792 에서 공중화장실중앙연결브 방향 1차로 도로공사 [공사] 월드컵공원 강변북로 관문녹지 경관개선사업공사/장소: 마포구 상암동 487-92/통제:부분통제  서울청,1,0,0,1130005802,126.883083,37.564833,강변북로,강변북로,0,315,
202503270910,20250327091100,L93106252600,136,202107290000,202107290000,202511292359,B,0,<경찰청제공>[공사] 연결 체계 에서 개선공사 방향 1차로 도로공사 장소: 올림픽대로 잠실대교 남단IC본선및 연결로/통제방법: 부분통제 서울청,1,0,0,1230005001,127.095111,37.519583,연결,연결,0,333,
202503270910,20250327091100,L93146544022,148,202501010715,202501010715,202503311700,B,0,<경찰청제공>[공사] 서부간선도로 목동교 에서 신정교 방향 2차로 도로공사 [공사] 서부간선도로 일반도로화 및 친환경공간 조성공사 / 장소: 서부간선도로 목동교~신정교 / 부분통제  서울청,1,0,0,1185077100,126.889194,37.529917,서부간선도로,서부간선도로,6,341,"1185076200,1185074600,1185073200,1185023300,1185074300,1185195600"
202503270910,20250327091100,L93151797841,249,202503010714,202503010714,202505021700,B,0,"<경찰청제공>[공사] 강변북로 동호대교 에서 한남대교 방향 1차로 유지보수 [공사]2024년 두모교 보수공사/장소:강변북로 두모교 일산방면 상부(옥수동 489-1부근, 한남동 784부근)/부분통제  서울청",1,0,0,1030001100,127.018056,37.539639,강변북로,강변북로,1,347,1020000902
202503270910,20250327091100,S000000384016,15,202503270701,202503270701,202503270923,B,4,<서울시설공단제공>분당수서로 청담대교 방향 탄천1교→청담대교남단 시설물보수 3차로차단,1,2,0,1220003000,127.073333,37.501361,분당수서로,탄천1교→청담대교남단,0,318,
202503270910,20250327091100,L93142092407,100,202411251000,202411251000,202506161600,B,0,<경찰청제공>[공사] 내부순환도로 홍제천 고가교  에서 예그린유치원 방향 1차로 도로공사 [공사] 2024년 홍제천고가교 정밀안전진단 및 실태조사 용역/ 장소: 내부순환로 홍제천고가교 /부분통제   서울청,1,0,0,1120001400,126.935583,37.579583,내부순환도로,내부순환도로,0,246,
202503270910,20250327091100,L93137884522,169,202410272300,202410272300,202504302359,B,0,<경찰청제공>[공사] 경인로 영등포고가차도 에서 영등포고가차도 방향 양방향 전체차로 도로공사 [공사/전면통제] 영등포로터리 구조개선공사/ 장소: 영등포 고가차도 철거작업으로  양방향 전면통제 서울청,1,0,0,1180073500,126.914611,37.519806,경인로,경인로,3,243,"1180000902,1180001002,1180073400"
202503270910,20250327091100,TBS-03716604,3,202303161708,202303161708,202807252359,B,99,<TBS제공>[공사소식] 강동구 고덕2동 아리수로와 고덕비즈밸리로 교차점 인근 약 200m 구간 양방면 지하철공사로 왕복 6개차로중 1~2개차로 부분통제 *공사기간 : 2023년 3월 16일부터 2028년 7월 25일까지 예정 ※일정은 현장여건에 따라 변동될 수 있음.,1,0,0,1240028301,127.160889,37.562861,강동구 고덕2동,강동구 고덕2동,1,196,1240028401
202503270910,20250327091100,L93152136264,255,202503270752,202503270752,202503270822,B,0,<경찰청제공>[공사] 반포대로 대검찰청 에서 반포동5132 방향 4차로 유지보수 주의운전,1,0,0,1210021904,127.005556,37.49625,반포대로,반포대로,0,362,
202503270910,20250327091100,L93151998609,141,202503180700,202503180700,202512311800,B,0,<경찰청제공>[공사] 강변북로 양화대교북측 에서 양화대교북측 방향 1차로 도로공사 [공사] 사고위험 도시고속도로 구조개선공사 /장소: 강변북로(구리) 양화대교 진입램프 /부분통제,1,0,0,1130045800,126.906333,37.548056,강변북로,강변북로,0,306,
202503270910,20250327091100,L93152020203,176,202503190700,202503190700,202505211700,B,0,<경찰청제공>[공사] 동부간선도로 탄천2교 에서 한국가스안전공사서울 방향 3차로 도로공사 [공사] 동부간선도로 진출램프교 공사 / 장소: 대치동 78-28(동부간선도로  탄천2교 인접부 /부분통제   서울청,1,0,0,1220002901,127.070972,37.502083,동부간선도로,동부간선도로,0,402,
202503270915,20250327091600,TBS-03778448,2,202410081352,202410081352,202504302359,B,99,"<TBS제공>[영등포고가차도 철거] '영등포로터리 구조개선공사'와 관련하여 경인로 서울교에서 영등포역 구간에 위치한 영등포고가차도 철거작업이 오는 10월 25일(금) 밤 11시부터 진행되어 고가차도 양방면 진입이 전면통제됩니다. 공사기간 중 신길역에서 영등포로터리를 경유하는 영등포역 직진 방향과 신길지하차도 좌회전 방향은 통행이 불가하고, 경인로, 영등포로, 신길로 등 교통 혼잡이 예상되니 미리 다른도로로 우회하시기 바랍니다. ＊공사기간(고가철거시행) : 2024년 10월 25일(금)~2025년 4월 말까지(예정)",1,0,0,1180073400,126.913417,37.518972,경인로,경인로,1,141,1180073500
202503270915,20250327091600,L93151897353,84,202503100900,202503100900,202503281800,B,0,<경찰청제공>[공사] 올림픽대로 강일IC 에서 강일IC 방향 양방향 전체차로 도로공사 [공사]세종포천고속도로 안성구리간 건설공사 제14공구/장소:올림픽대로 강일IC~암사IC구간(양방향)/부분통제  서울청,1,0,0,1240057300,127.164,37.572806,올림픽대로,올림픽대로,3,466,"1240055101,1240055003,1240057100"
202503270915,20250327091600,L93152136496,10,202503261830,202503261830,202504052200,B,0,<경찰청제공>[통제] 동남로 대명초교입구교차로 에서 생태공원삼거리 방향 양방향 전체차로 공사 [도로침하/전면통제] 동남로 생태공원삼거리↔대명초교사거리 도로침하로 양방향 전면통제  서울청,1,0,0,1240012300,127.15575,37.546111,동남로,동남로,2,388,"1240011402,1240012400"
202503270915,20250327091600,L93106245889,41,202107220000,202107220000,202511142359,B,0,<경찰청제공>[공사] 올림픽대로 올림픽대교 에서 천호대교 방향 4차로 도로공사 천호대로 남단IC 연결체계 개선공사 올림픽대로 천호대로 남단IC 부분통제 서울청,1,0,0,1230005404,127.118333,37.540972,올림픽대로,올림픽대로,0,241,
202503270915,20250327091600,L93152096070,157,202503250900,202503250900,202503271700,B,0,<경찰청제공>[공사] 내부순환도로 월곡IC 에서 길음IC 방향 3차로 도로공사 [공사] 2025년 자동차전용도로 소규모포장 정비공사 (연간단가) / 장소: 내부순환로 성산방향 월곡IC700m~길음IC/부분통제  서울청,1,0,0,1070074100,127.040833,37.597278,내부순환도로,내부순환도로,1,438,1070000600
202503270915,20250327091600,L93151914954,64,202503120900,202503120900,202503311700,B,0,<경찰청제공>[공사] 강남대로 한남대교남측 에서 용산구강남구 방향 1차로 도로공사 [공사] 한남대교 중앙분리대 이동통신 중계기사설 이설공사/장소: 한남대교 중앙분리대/통제:부분통제  서울청,1,0,0,1220342400,127.01325,37.526833,강남대로,강남대로,0,457,
202503270915,20250327091600,L93106217263,93,202106300000,202106300000,202804302359,B,0,"<경찰청제공>[공사] 영동대로 삼성역사거리 에서 코엑스 방향 6차로 도로공사 영동대로 지하공간 복합개발 건설공사, 장소: 코엑스사거리~삼상역 일원 부분통제 서울청",1,0,0,1220003402,127.061583,37.512056,영동대로,영동대로,0,167,
202503270915,20250327091600,L93151998499,161,202503180900,202503180900,202503311700,B,0,<경찰청제공>[공사] 올림픽대로 성수대교남측 에서 상지카일룸1차 방향 5차로 도로공사 [공사] 2022년 자동차전용도로 강남권역 노후포장정비공사/올림픽대로 (강일방향) 성수대교 5차로/통제:부분통제  서울청,1,0,0,1220005401,127.038222,37.53175,올림픽대로,올림픽대로,0,463,
202503270915,20250327091600,TBS-03754740,2,202401111758,202401111758,202607290500,B,99,"<TBS제공>[공사소식] 서부간선도로 일반도로화 및 친환경공간 조성공사로 인해 서부간선도로 목동교에서 신정교구간 양방면과. 광명대교에서 금천교구간 양방면의 야간공사 (22:00~익일 05:00)가 진행됩니다. 왕복 4개차로중 2개차로씩 부분통제로 서부간선도로 등 주변도로 정체 및 혼잡 예상되니 이용에 참고하시기 바랍니다. *공사기간 : 2023년 12월 20일~2026년 7월 28일(광명대교~금천교), 2024년1월 15일~2026년 7월 8일(목동교~신정교) 22:00~05:00 (야간공사) ※주간에는 기존 왕복 4개차로 유지",1,0,0,1170030200,126.878806,37.474667,서부간선도로,서부간선도로,7,222,"1170030300,1180001303,1180002102,1180002202,1180077200,2130043400,2130043500"
202503270915,20250327091600,L93152136236,255,202503270746,202503270746,202503270816,B,0,<경찰청제공>[공사] 내부순환도로 홍은IC 에서 홍지문터널남측 방향 1차로 시설물보수 내부순환로 홍은램프→홍지문터널입구 성수JC 방향,1,0,0,1120002201,126.957389,37.595556,내부순환도로,내부순환도로,0,195,
202503270915,20250327091600,2025031101832,5,202501052100,202501060000,202506302359,B,99,천호대로 광나루역방향 아차산역 스타벅스 앞 도로 배수관정비공사로 부분통제 01/06~06/30 24시간,1,2,0,1040003702,127.090028,37.550778,천호대로,아차산역 스타벅스 앞 도로,2,107,"1040003703,1040003704"
202503270915,20250327091600,L93151897272,202,202503100900,202503100900,202505091700,B,0,<경찰청제공>[공사] 신월여의지하도로 여의나루JC 에서 신월요금소 방향 양방향 전체차로 도로공사 [공사]신월여의지하도로 정기안전점검용역(25년상반기)/장소:신월여의지하차도 양방향/부분통제  서울청,1,0,0,1140282101,126.900972,37.526694,신월여의지하도로,신월여의지하도로,0,267,
202503270915,20250327091600,L93151476461,244,202502100700,202502100700,202506301700,B,0,<경찰청제공>[공사] 강변북로 상암동48792 에서 공중화장실중앙연결브 방향 1차로 도로공사 [공사] 월드컵공원 강변북로 관문녹지 경관개선사업공사/장소: 마포구 상암동 487-92/통제:부분통제  서울청,1,0,0,1130005802,126.883083,37.564833,강변북로,강변북로,0,315,
202503270915,20250327091600,L93152059021,116,202503220900,202503220900,202504211700,B,0,<경찰청제공>[공사] 강변북로 양화대교북측 에서 양화대교북측 방향 1차로 도로공사 [공사] 2025년 도로시설물 인접 위험수목정비공사 / 장소: 강변북로 양화대교 북단 녹지 / 부분통제  서울청,1,0,0,1130001901,126.908056,37.54625,강변북로,강변북로,0,462,
202503270915,20250327091600,L93152031718,64,202503200900,202503200900,202503281800,B,0,"<경찰청제공>[공사] 올림픽대로 잠실철교 에서 잠실대교 방향 1차로 도로공사 [공사]정밀안전점검 교통통제 및 점검장비 임대용역/ 장소: 올림픽대로 하행3교, 하행4교, 상행1교/ 부분통제 서울청",1,0,0,1230086800,127.098528,37.521472,올림픽대로,올림픽대로,0,444,
202503270915,20250327091600,L93152096117,157,202503250900,202503250900,202503271700,B,0,<경찰청제공>[공사] 정릉로 길음IC 에서 서울경기양돈농협종암 방향 3차로 도로공사 [공사] 2025년 자동차전용도로 소규모포장 정비공사 (연간단가) / 장소: 내부순환로 성동방향 길음IC/ 부분통제  서울청,1,0,0,1070047700,127.029111,37.604417,정릉로,정릉로,0,458,
202503270915,20250327091600,L93151998662,161,202503180900,202503180900,202503311700,B,0,"<경찰청제공>[공사] 올림픽대로 동작대교JC 에서 여의교앞교차로 방향 2,3,4,5,6차로 재포장 [공사] 2022년 자동차전용도로 강남권역 노후포장 정비공사 /장소: 올림픽대로(공항방향) 한강대교~여의교(2,3,4,5,6차로) /부분통제  서울청",1,0,0,1190000200,126.956333,37.514222,올림픽대로,올림픽대로,2,371,"1190041200,1190007003"
202503270915,20250327091600,L93152096600,157,202503250900,202503250900,202503271700,B,0,"<경찰청제공>[공사] 내부순환도로 마장IC 에서 월곡IC 방향 양방향 1,2,3차로 도로공사 [공사] 2025년 자동차전용도로 소규모포장 정비공사(연간단가) / 장소: 내부순환로 양방향 마장IC지난 1.4km~월곡IC 전 500m / 부분통제    서울청",1,0,0,1050059700,127.034528,37.573972,내부순환도로,내부순환도로,2,373,"1050059900,1070074100"
202503270915,20250327091600,L93152045230,234,202503210900,202503210900,202503281800,B,0,<경찰청제공>[공사] 올림픽대로 잠실대교JC 에서 잠실대교JC 방향 1차로 도로공사 [공사] 2024년 정밀안전점검 교통통제및 점검장비 임대 용역/장소: 올림픽대로 하행3교 하부 (잠실토끼굴)/통제:부분통제  서울청,1,0,0,1230088400,127.097889,37.521361,올림픽대로,올림픽대로,0,269,
202503270915,20250327091600,L93106252600,137,202107290000,202107290000,202511292359,B,0,<경찰청제공>[공사] 연결 체계 에서 개선공사 방향 1차로 도로공사 장소: 올림픽대로 잠실대교 남단IC본선및 연결로/통제방법: 부분통제 서울청,1,0,0,1230005001,127.095111,37.519583,연결,연결,0,333,
202503270915,20250327091600,L93146544022,149,202501010715,202501010715,202503311700,B,0,<경찰청제공>[공사] 서부간선도로 목동교 에서 신정교 방향 2차로 도로공사 [공사] 서부간선도로 일반도로화 및 친환경공간 조성공사 / 장소: 서부간선도로 목동교~신정교 / 부분통제  서울청,1,0,0,1185077100,126.889194,37.529917,서부간선도로,서부간선도로,6,341,"1185076200,1185074600,1185073200,1185023300,1185074300,1185195600"
202503270915,20250327091600,L93152045135,138,202503210900,202503210900,202504111600,B,0,<경찰청제공>[공사] 강남순환도시고속도로 우면동4429 에서 서초터널 방향 1차로 도로공사 [공사] 1차로 공동구 보수공사/장소: 강남순환고속도로 성산방향 서초터널내 0.9K 1차로상/통제:부분통제  서울청,1,0,0,1210072400,127.017361,37.46275,강남순환도시고속도로,강남순환도시고속도로,0,358,
202503270915,20250327091600,L93152058927,152,202503220900,202503220900,202503291800,B,0,<경찰청제공>[공사] 우면산로 선암로IC 에서 우면산터널남측 방향 1차로 도로공사 [공사] 우면산터널요금소 하이패스 설치공사 / 장소: 우면산터널 요금소 / 부분통제  서울청,1,0,0,1210008902,127.018833,37.463306,우면산로,우면산로,0,437,
202503270915,20250327091600,L93151998573,161,202503180900,202503180900,202503311700,B,0,<경찰청제공>[공사] 올림픽대로 청담동3412 에서 씨티1차아파트 방향 1차로 도로공사 [공사] 2022년 자동차전용도로 강남권역 노후포장정비공사/올림픽대로 (공항방향) 성수대교 1차로/통제:부분통제  서울청,1,0,0,1220005503,127.054111,37.527583,올림픽대로,올림픽대로,0,454,
202503270915,20250327091600,L93151905429,5,202503110900,202503110900,202503311800,B,0,<경찰청제공>[공사] 광평로 수서역교차로 에서 궁마을삼거리 방향 1차로 가로수 벌목 [공사] 수목전지작업/ 장소: 강남구 광평로47길 17 수서신동아아파트/ 부분통제  서울청,1,0,0,1220010004,127.099556,37.486639,광평로,광평로,0,443,
202503270915,20250327091600,L93152135606,2,202503270900,202503270900,202504301800,B,0,<경찰청제공>[공사] 올림픽대로 올림픽대교남단IC 에서 올림픽대교남단IC 방향 1차로 유지보수 [공사]과속단속카메라 점검/ 장소: 신천동 255-2 올림픽대로 김포방면/ 부분통제  서울청,1,0,0,1230090200,127.107194,37.527833,올림픽대로,올림픽대로,0,441,
202503270915,20250327091600,L93151797841,250,202503010714,202503010714,202505021700,B,0,"<경찰청제공>[공사] 강변북로 동호대교 에서 한남대교 방향 1차로 유지보수 [공사]2024년 두모교 보수공사/장소:강변북로 두모교 일산방면 상부(옥수동 489-1부근, 한남동 784부근)/부분통제  서울청",1,0,0,1030001100,127.018056,37.539639,강변북로,강변북로,1,347,1020000902
202503270915,20250327091600,L93151998430,161,202503180900,202503180900,202503311700,B,0,<경찰청제공>[공사] 올림픽대로 반포대교JC 에서 한남대교분기점 방향 1차로 도로공사 [공사] 2022년 자동차전용도로 강남권역 노후포장정비공사/올림픽대로 (강일방향) 반포대교~한남대교/통제:부분통제  서울청,1,0,0,1210005402,127.011583,37.519278,올림픽대로,올림픽대로,0,242,
202503270915,20250327091600,S000000384016,16,202503270701,202503270701,202503270928,B,4,<서울시설공단제공>분당수서로 청담대교 방향 탄천1교→청담대교남단 시설물보수 3차로차단,1,2,0,1220003000,127.073333,37.501361,분당수서로,탄천1교→청담대교남단,0,318,
202503270915,20250327091600,L93142092407,101,202411251000,202411251000,202506161600,B,0,<경찰청제공>[공사] 내부순환도로 홍제천 고가교  에서 예그린유치원 방향 1차로 도로공사 [공사] 2024년 홍제천고가교 정밀안전진단 및 실태조사 용역/ 장소: 내부순환로 홍제천고가교 /부분통제   서울청,1,0,0,1120001400,126.935583,37.579583,내부순환도로,내부순환도로,0,246,
202503270915,20250327091600,L93152080430,247,202503240900,202503240900,202503311800,B,0,<경찰청제공>[공사] 올림픽대로 염창IC 에서 염창교 방향 1차로 노변 유지보수 [공사]2024년 정밀안전점검 교통통제 및 점검장비 임대 용역/ 장소: 올림픽대로 염창지하차도/ 부분통제  서울청,1,0,0,1150060200,126.875028,37.554389,올림픽대로,올림픽대로,0,469,
202503270915,20250327091600,L93137338199,219,202409020900,202409020900,202908311800,B,0,<경찰청제공>[공사] 동일로 영동대교고가차도북측 에서 영동대교북단고가차도 방향 1차로 도로공사 [공사] 동부간선도로 지하화 민긴투자사업 제1공구 건설공사 / 장소 : 성수동2가 204-16~성수동2가 217-4번지 / 부분통제  서울청,1,0,0,1040026800,127.06025,37.535528,동일로,동일로,0,451,
202503270915,20250327091600,L93151897423,202,202503100900,202503100900,202503301700,B,0,<경찰청제공>[공사] 경부고속도로 반포IC 에서 양재IC 방향 4차로 도로공사 [공사]2025년 가로변 위험수목 정비사업/장소:경부고속도로 하행선(반포IC→양재IC)외 서초구 일대  서울청,1,0,0,1210004701,127.018528,37.502667,경부고속도로,경부고속도로,3,464,"1210004100,1210003000,1210001903"
202503270915,20250327091600,L93151983635,230,202503170900,202503170900,202504161700,B,0,<경찰청제공>[공사] 올림픽대로 청수근린공원 에서 청담1교 방향 1차로 도로공사 [공사] 청담도로공원 교통시설물 설치공사/ 장소: 올림픽대로 청담도로공원(삼성동80)/ 부분통제  서울청,1,0,0,1220345901,127.060806,37.522528,올림픽대로,올림픽대로,1,453,1220345801
202503270915,20250327091600,L93152080225,224,202503240900,202503240900,202504111700,B,0,<경찰청제공>[공사] 강변북로 광진구구리시 에서 한강호텔웨딩홀 방향 1차로 도로공사 [공사] 2025년 자동차전용도로 시설물3지역 일상유지보수공사 / 장소: 강변북로 아차산대교 양방향 / 부분통제  서울청,1,0,0,1040004101,127.113167,37.55475,강변북로,강변북로,0,294,
202503270915,20250327091600,L93152045084,234,202503110900,202503110900,202504111800,B,0,<경찰청제공>[공사] 분당내곡간도시고속화도로 내곡IC 에서 내곡IC 방향 1차로 도로공사 [공사] 2025년 자동차전용도로 시설물 2지역 일상유지보수공사/장소: 내곡IC교 본선 하부양방향 (헌릉로)/통제:부분통제  서울청,1,0,0,1210006705,127.075361,37.458333,분당내곡간도시고속화도로,분당내곡간도시고속화도로,0,442,
202503270915,20250327091600,L93106249932,188,202107260900,202107260900,202511141800,B,0,<경찰청제공>[공사] 올림픽대로 송파구강동구 에서 미성카센타 방향 4차로 도로공사 천호대교 남단IC 연결체계 개선공사/장소:올림픽대로 풍납동 및 천호동 일원/1개차로 부분점용 서울청,1,0,0,1230005304,127.114639,37.538306,올림픽대로,올림픽대로,0,434,
202503270915,20250327091600,L93137884522,170,202410272300,202410272300,202504302359,B,0,<경찰청제공>[공사] 경인로 영등포고가차도 에서 영등포고가차도 방향 양방향 전체차로 도로공사 [공사/전면통제] 영등포로터리 구조개선공사/ 장소: 영등포 고가차도 철거작업으로  양방향 전면통제 서울청,1,0,0,1180073500,126.914611,37.519806,경인로,경인로,3,243,"1180000902,1180001002,1180073400"
202503270915,20250327091600,L93152095924,173,202503250900,202503250900,202503311800,B,0,<경찰청제공>[공사] 올림픽대로 동작대교 에서 반포대교  방향 1차로 도로공사 [공사] 2025년 자동차전용도로 시설물 2지역 일상유지보수공사 (연간단가) / 장소: 올림픽대로 구반포지하차도 / 부분통제  서울청,1,0,0,1210060300,126.98575,37.505028,올림픽대로,올림픽대로,0,439,
202503270915,20250327091600,L93152096252,157,202503250900,202503250900,202503271700,B,0,<경찰청제공>[공사] 내부순환도로 정릉터널입구  에서 정릉터널북측 방향 3차로 도로공사 [공사] 2025년 자동차전용도로 소규모포장정비공사 (연간단가) / 장소: 내부순환로 성산방향 정릉터널200m전~정릉터널입구 / 부분통제  서울청,1,0,0,1070055900,126.994111,37.610028,내부순환도로,내부순환도로,0,355,
202503270915,20250327091600,L93151998344,161,202503180900,202503180900,202503311700,B,0,<경찰청제공>[공사] 올림픽대로 한남대교분기점 에서 미니스톱반포1점 방향 2차로 도로공사 [공사] 2022년 자동차전용도로 강남권역 노후포장정비공사/올림픽대로  (강일방향) 반포대교~한남대교/통제:부분통제  서울청,1,0,0,1210005301,127.007694,37.51625,올림픽대로,올림픽대로,0,452,
202503270915,20250327091600,TBS-03716604,3,202303161708,202303161708,202807252359,B,99,<TBS제공>[공사소식] 강동구 고덕2동 아리수로와 고덕비즈밸리로 교차점 인근 약 200m 구간 양방면 지하철공사로 왕복 6개차로중 1~2개차로 부분통제 *공사기간 : 2023년 3월 16일부터 2028년 7월 25일까지 예정 ※일정은 현장여건에 따라 변동될 수 있음.,1,0,0,1240028301,127.160889,37.562861,강동구 고덕2동,강동구 고덕2동,1,196,1240028401
202503270915,20250327091600,L93152080253,224,202503240900,202503240900,202503281700,B,0,<경찰청제공>[공사] 강변북로 갈보리교회 에서 자양고가차도 방향 1차로 도로공사 [공사] 충격흡수시설 파손본 복구공사 / 장소: 강변북로 구리방향 자양동 756-1 / 부분통제  서울청,1,0,0,1040000102,127.078222,37.527889,강변북로,강변북로,0,460,
202503270915,20250327091600,L93151798172,84,202503010900,202503010900,202503311700,B,0,"<경찰청제공>[공사] 강남순환도시고속도로 사당IC 에서 선암교 방향 1,3차로 유지보수 [공사]강남순환로 도로시설물 유지관리 및 기타 보수작업/강남순환로 전구간(방배구간) 양방향/부분통제  서울청",1,0,0,1200050400,126.98475,37.469833,강남순환도시고속도로,강남순환도시고속도로,6,432,"1210071900,1210072100,1210072300,1210072400,1210072200,1210071800"
202503270915,20250327091600,L93152136264,255,202503270752,202503270752,202503270822,B,0,<경찰청제공>[공사] 반포대로 대검찰청 에서 반포동5132 방향 4차로 유지보수 주의운전,1,0,0,1210021904,127.005556,37.49625,반포대로,반포대로,0,362,
202503270915,20250327091600,L93151998609,142,202503180700,202503180700,202512311800,B,0,<경찰청제공>[공사] 강변북로 양화대교북측 에서 양화대교북측 방향 1차로 도로공사 [공사] 사고위험 도시고속도로 구조개선공사 /장소: 강변북로(구리) 양화대교 진입램프 /부분통제,1,0,0,1130045800,126.906333,37.548056,강변북로,강변북로,0,306,
202503270915,20250327091600,L93152020203,177,202503190700,202503190700,202505211700,B,0,<경찰청제공>[공사] 동부간선도로 탄천2교 에서 한국가스안전공사서울 방향 3차로 도로공사 [공사] 동부간선도로 진출램프교 공사 / 장소: 대치동 78-28(동부간선도로  탄천2교 인접부 /부분통제   서울청,1,0,0,1220002901,127.070972,37.502083,동부간선도로,동부간선도로,0,402,
202503270920,20250327092100,TBS-03778448,2,202410081352,202410081352,202504302359,B,99,"<TBS제공>[영등포고가차도 철거] '영등포로터리 구조개선공사'와 관련하여 경인로 서울교에서 영등포역 구간에 위치한 영등포고가차도 철거작업이 오는 10월 25일(금) 밤 11시부터 진행되어 고가차도 양방면 진입이 전면통제됩니다. 공사기간 중 신길역에서 영등포로터리를 경유하는 영등포역 직진 방향과 신길지하차도 좌회전 방향은 통행이 불가하고, 경인로, 영등포로, 신길로 등 교통 혼잡이 예상되니 미리 다른도로로 우회하시기 바랍니다. ＊공사기간(고가철거시행) : 2024년 10월 25일(금)~2025년 4월 말까지(예정)",1,0,0,1180073400,126.913417,37.518972,경인로,경인로,1,141,1180073500
202503270920,20250327092100,L93151897353,84,202503100900,202503100900,202503281800,B,0,<경찰청제공>[공사] 올림픽대로 강일IC 에서 강일IC 방향 양방향 전체차로 도로공사 [공사]세종포천고속도로 안성구리간 건설공사 제14공구/장소:올림픽대로 강일IC~암사IC구간(양방향)/부분통제  서울청,1,0,0,1240057300,127.164,37.572806,올림픽대로,올림픽대로,3,466,"1240055101,1240055003,1240057100"
202503270920,20250327092100,L93152136496,10,202503261830,202503261830,202504052200,B,0,<경찰청제공>[통제] 동남로 대명초교입구교차로 에서 생태공원삼거리 방향 양방향 전체차로 공사 [도로침하/전면통제] 동남로 생태공원삼거리↔대명초교사거리 도로침하로 양방향 전면통제  서울청,1,0,0,1240012300,127.15575,37.546111,동남로,동남로,2,388,"1240011402,1240012400"
202503270920,20250327092100,L93106245889,41,202107220000,202107220000,202511142359,B,0,<경찰청제공>[공사] 올림픽대로 올림픽대교 에서 천호대교 방향 4차로 도로공사 천호대로 남단IC 연결체계 개선공사 올림픽대로 천호대로 남단IC 부분통제 서울청,1,0,0,1230005404,127.118333,37.540972,올림픽대로,올림픽대로,0,241,
202503270920,20250327092100,L93152096070,157,202503250900,202503250900,202503271700,B,0,<경찰청제공>[공사] 내부순환도로 월곡IC 에서 길음IC 방향 3차로 도로공사 [공사] 2025년 자동차전용도로 소규모포장 정비공사 (연간단가) / 장소: 내부순환로 성산방향 월곡IC700m~길음IC/부분통제  서울청,1,0,0,1070074100,127.040833,37.597278,내부순환도로,내부순환도로,1,438,1070000600
202503270920,20250327092100,L93151914954,64,202503120900,202503120900,202503311700,B,0,<경찰청제공>[공사] 강남대로 한남대교남측 에서 용산구강남구 방향 1차로 도로공사 [공사] 한남대교 중앙분리대 이동통신 중계기사설 이설공사/장소: 한남대교 중앙분리대/통제:부분통제  서울청,1,0,0,1220342400,127.01325,37.526833,강남대로,강남대로,0,457,
202503270920,20250327092100,L93106217263,93,202106300000,202106300000,202804302359,B,0,"<경찰청제공>[공사] 영동대로 삼성역사거리 에서 코엑스 방향 6차로 도로공사 영동대로 지하공간 복합개발 건설공사, 장소: 코엑스사거리~삼상역 일원 부분통제 서울청",1,0,0,1220003402,127.061583,37.512056,영동대로,영동대로,0,167,
202503270920,20250327092100,L93151998499,161,202503180900,202503180900,202503311700,B,0,<경찰청제공>[공사] 올림픽대로 성수대교남측 에서 상지카일룸1차 방향 5차로 도로공사 [공사] 2022년 자동차전용도로 강남권역 노후포장정비공사/올림픽대로 (강일방향) 성수대교 5차로/통제:부분통제  서울청,1,0,0,1220005401,127.038222,37.53175,올림픽대로,올림픽대로,0,463,
202503270920,20250327092100,TBS-03754740,2,202401111758,202401111758,202607290500,B,99,"<TBS제공>[공사소식] 서부간선도로 일반도로화 및 친환경공간 조성공사로 인해 서부간선도로 목동교에서 신정교구간 양방면과. 광명대교에서 금천교구간 양방면의 야간공사 (22:00~익일 05:00)가 진행됩니다. 왕복 4개차로중 2개차로씩 부분통제로 서부간선도로 등 주변도로 정체 및 혼잡 예상되니 이용에 참고하시기 바랍니다. *공사기간 : 2023년 12월 20일~2026년 7월 28일(광명대교~금천교), 2024년1월 15일~2026년 7월 8일(목동교~신정교) 22:00~05:00 (야간공사) ※주간에는 기존 왕복 4개차로 유지",1,0,0,1170030200,126.878806,37.474667,서부간선도로,서부간선도로,7,222,"1170030300,1180001303,1180002102,1180002202,1180077200,2130043400,2130043500"
202503270920,20250327092100,2025031101832,5,202501052100,202501060000,202506302359,B,99,천호대로 광나루역방향 아차산역 스타벅스 앞 도로 배수관정비공사로 부분통제 01/06~06/30 24시간,1,2,0,1040003702,127.090028,37.550778,천호대로,아차산역 스타벅스 앞 도로,2,107,"1040003703,1040003704"
202503270920,20250327092100,L93151897272,202,202503100900,202503100900,202505091700,B,0,<경찰청제공>[공사] 신월여의지하도로 여의나루JC 에서 신월요금소 방향 양방향 전체차로 도로공사 [공사]신월여의지하도로 정기안전점검용역(25년상반기)/장소:신월여의지하차도 양방향/부분통제  서울청,1,0,0,1140282101,126.900972,37.526694,신월여의지하도로,신월여의지하도로,0,267,
202503270920,20250327092100,L93151476461,244,202502100700,202502100700,202506301700,B,0,<경찰청제공>[공사] 강변북로 상암동48792 에서 공중화장실중앙연결브 방향 1차로 도로공사 [공사] 월드컵공원 강변북로 관문녹지 경관개선사업공사/장소: 마포구 상암동 487-92/통제:부분통제  서울청,1,0,0,1130005802,126.883083,37.564833,강변북로,강변북로,0,315,
202503270920,20250327092100,L93152059021,116,202503220900,202503220900,202504211700,B,0,<경찰청제공>[공사] 강변북로 양화대교북측 에서 양화대교북측 방향 1차로 도로공사 [공사] 2025년 도로시설물 인접 위험수목정비공사 / 장소: 강변북로 양화대교 북단 녹지 / 부분통제  서울청,1,0,0,1130001901,126.908056,37.54625,강변북로,강변북로,0,462,
202503270920,20250327092100,L93152031718,64,202503200900,202503200900,202503281800,B,0,"<경찰청제공>[공사] 올림픽대로 잠실철교 에서 잠실대교 방향 1차로 도로공사 [공사]정밀안전점검 교통통제 및 점검장비 임대용역/ 장소: 올림픽대로 하행3교, 하행4교, 상행1교/ 부분통제 서울청",1,0,0,1230086800,127.098528,37.521472,올림픽대로,올림픽대로,0,444,
202503270920,20250327092100,L93152096117,157,202503250900,202503250900,202503271700,B,0,<경찰청제공>[공사] 정릉로 길음IC 에서 서울경기양돈농협종암 방향 3차로 도로공사 [공사] 2025년 자동차전용도로 소규모포장 정비공사 (연간단가) / 장소: 내부순환로 성동방향 길음IC/ 부분통제  서울청,1,0,0,1070047700,127.029111,37.604417,정릉로,정릉로,0,458,
202503270920,20250327092100,L93151998662,161,202503180900,202503180900,202503311700,B,0,"<경찰청제공>[공사] 올림픽대로 동작대교JC 에서 여의교앞교차로 방향 2,3,4,5,6차로 재포장 [공사] 2022년 자동차전용도로 강남권역 노후포장 정비공사 /장소: 올림픽대로(공항방향) 한강대교~여의교(2,3,4,5,6차로) /부분통제  서울청",1,0,0,1190000200,126.956333,37.514222,올림픽대로,올림픽대로,2,371,"1190041200,1190007003"
202503270920,20250327092100,L93152096600,157,202503250900,202503250900,202503271700,B,0,"<경찰청제공>[공사] 내부순환도로 마장IC 에서 월곡IC 방향 양방향 1,2,3차로 도로공사 [공사] 2025년 자동차전용도로 소규모포장 정비공사(연간단가) / 장소: 내부순환로 양방향 마장IC지난 1.4km~월곡IC 전 500m / 부분통제    서울청",1,0,0,1050059700,127.034528,37.573972,내부순환도로,내부순환도로,2,373,"1050059900,1070074100"
202503270920,20250327092100,L93152045230,234,202503210900,202503210900,202503281800,B,0,<경찰청제공>[공사] 올림픽대로 잠실대교JC 에서 잠실대교JC 방향 1차로 도로공사 [공사] 2024년 정밀안전점검 교통통제및 점검장비 임대 용역/장소: 올림픽대로 하행3교 하부 (잠실토끼굴)/통제:부분통제  서울청,1,0,0,1230088400,127.097889,37.521361,올림픽대로,올림픽대로,0,269,
202503270920,20250327092100,L93106252600,137,202107290000,202107290000,202511292359,B,0,<경찰청제공>[공사] 연결 체계 에서 개선공사 방향 1차로 도로공사 장소: 올림픽대로 잠실대교 남단IC본선및 연결로/통제방법: 부분통제 서울청,1,0,0,1230005001,127.095111,37.519583,연결,연결,0,333,
202503270920,20250327092100,L93146544022,149,202501010715,202501010715,202503311700,B,0,<경찰청제공>[공사] 서부간선도로 목동교 에서 신정교 방향 2차로 도로공사 [공사] 서부간선도로 일반도로화 및 친환경공간 조성공사 / 장소: 서부간선도로 목동교~신정교 / 부분통제  서울청,1,0,0,1185077100,126.889194,37.529917,서부간선도로,서부간선도로,6,341,"1185076200,1185074600,1185073200,1185023300,1185074300,1185195600"
202503270920,20250327092100,L93152045135,138,202503210900,202503210900,202504111600,B,0,<경찰청제공>[공사] 강남순환도시고속도로 우면동4429 에서 서초터널 방향 1차로 도로공사 [공사] 1차로 공동구 보수공사/장소: 강남순환고속도로 성산방향 서초터널내 0.9K 1차로상/통제:부분통제  서울청,1,0,0,1210072400,127.017361,37.46275,강남순환도시고속도로,강남순환도시고속도로,0,358,
202503270920,20250327092100,L93152058927,152,202503220900,202503220900,202503291800,B,0,<경찰청제공>[공사] 우면산로 선암로IC 에서 우면산터널남측 방향 1차로 도로공사 [공사] 우면산터널요금소 하이패스 설치공사 / 장소: 우면산터널 요금소 / 부분통제  서울청,1,0,0,1210008902,127.018833,37.463306,우면산로,우면산로,0,437,
202503270920,20250327092100,L93151998573,161,202503180900,202503180900,202503311700,B,0,<경찰청제공>[공사] 올림픽대로 청담동3412 에서 씨티1차아파트 방향 1차로 도로공사 [공사] 2022년 자동차전용도로 강남권역 노후포장정비공사/올림픽대로 (공항방향) 성수대교 1차로/통제:부분통제  서울청,1,0,0,1220005503,127.054111,37.527583,올림픽대로,올림픽대로,0,454,
202503270920,20250327092100,L93151905429,5,202503110900,202503110900,202503311800,B,0,<경찰청제공>[공사] 광평로 수서역교차로 에서 궁마을삼거리 방향 1차로 가로수 벌목 [공사] 수목전지작업/ 장소: 강남구 광평로47길 17 수서신동아아파트/ 부분통제  서울청,1,0,0,1220010004,127.099556,37.486639,광평로,광평로,0,443,
202503270920,20250327092100,L93152135606,2,202503270900,202503270900,202504301800,B,0,<경찰청제공>[공사] 올림픽대로 올림픽대교남단IC 에서 올림픽대교남단IC 방향 1차로 유지보수 [공사]과속단속카메라 점검/ 장소: 신천동 255-2 올림픽대로 김포방면/ 부분통제  서울청,1,0,0,1230090200,127.107194,37.527833,올림픽대로,올림픽대로,0,441,
202503270920,20250327092100,L93151797841,250,202503010714,202503010714,202505021700,B,0,"<경찰청제공>[공사] 강변북로 동호대교 에서 한남대교 방향 1차로 유지보수 [공사]2024년 두모교 보수공사/장소:강변북로 두모교 일산방면 상부(옥수동 489-1부근, 한남동 784부근)/부분통제  서울청",1,0,0,1030001100,127.018056,37.539639,강변북로,강변북로,1,347,1020000902
202503270920,20250327092100,L93151998430,161,202503180900,202503180900,202503311700,B,0,<경찰청제공>[공사] 올림픽대로 반포대교JC 에서 한남대교분기점 방향 1차로 도로공사 [공사] 2022년 자동차전용도로 강남권역 노후포장정비공사/올림픽대로 (강일방향) 반포대교~한남대교/통제:부분통제  서울청,1,0,0,1210005402,127.011583,37.519278,올림픽대로,올림픽대로,0,242,
202503270920,20250327092100,S000000384016,16,202503270701,202503270701,202503270928,B,4,<서울시설공단제공>분당수서로 청담대교 방향 탄천1교→청담대교남단 시설물보수 3차로차단,1,2,0,1220003000,127.073333,37.501361,분당수서로,탄천1교→청담대교남단,0,318,
202503270920,20250327092100,L93142092407,101,202411251000,202411251000,202506161600,B,0,<경찰청제공>[공사] 내부순환도로 홍제천 고가교  에서 예그린유치원 방향 1차로 도로공사 [공사] 2024년 홍제천고가교 정밀안전진단 및 실태조사 용역/ 장소: 내부순환로 홍제천고가교 /부분통제   서울청,1,0,0,1120001400,126.935583,37.579583,내부순환도로,내부순환도로,0,246,
202503270920,20250327092100,L93152080430,247,202503240900,202503240900,202503311800,B,0,<경찰청제공>[공사] 올림픽대로 염창IC 에서 염창교 방향 1차로 노변 유지보수 [공사]2024년 정밀안전점검 교통통제 및 점검장비 임대 용역/ 장소: 올림픽대로 염창지하차도/ 부분통제  서울청,1,0,0,1150060200,126.875028,37.554389,올림픽대로,올림픽대로,0,469,
202503270920,20250327092100,L93137338199,219,202409020900,202409020900,202908311800,B,0,<경찰청제공>[공사] 동일로 영동대교고가차도북측 에서 영동대교북단고가차도 방향 1차로 도로공사 [공사] 동부간선도로 지하화 민긴투자사업 제1공구 건설공사 / 장소 : 성수동2가 204-16~성수동2가 217-4번지 / 부분통제  서울청,1,0,0,1040026800,127.06025,37.535528,동일로,동일로,0,451,
202503270920,20250327092100,L93151897423,202,202503100900,202503100900,202503301700,B,0,<경찰청제공>[공사] 경부고속도로 반포IC 에서 양재IC 방향 4차로 도로공사 [공사]2025년 가로변 위험수목 정비사업/장소:경부고속도로 하행선(반포IC→양재IC)외 서초구 일대  서울청,1,0,0,1210004701,127.018528,37.502667,경부고속도로,경부고속도로,3,464,"1210004100,1210003000,1210001903"
202503270920,20250327092100,L93151983635,230,202503170900,202503170900,202504161700,B,0,<경찰청제공>[공사] 올림픽대로 청수근린공원 에서 청담1교 방향 1차로 도로공사 [공사] 청담도로공원 교통시설물 설치공사/ 장소: 올림픽대로 청담도로공원(삼성동80)/ 부분통제  서울청,1,0,0,1220345901,127.060806,37.522528,올림픽대로,올림픽대로,1,453,1220345801
202503270920,20250327092100,L93152080225,224,202503240900,202503240900,202504111700,B,0,<경찰청제공>[공사] 강변북로 광진구구리시 에서 한강호텔웨딩홀 방향 1차로 도로공사 [공사] 2025년 자동차전용도로 시설물3지역 일상유지보수공사 / 장소: 강변북로 아차산대교 양방향 / 부분통제  서울청,1,0,0,1040004101,127.113167,37.55475,강변북로,강변북로,0,294,
202503270920,20250327092100,L93152045084,234,202503110900,202503110900,202504111800,B,0,<경찰청제공>[공사] 분당내곡간도시고속화도로 내곡IC 에서 내곡IC 방향 1차로 도로공사 [공사] 2025년 자동차전용도로 시설물 2지역 일상유지보수공사/장소: 내곡IC교 본선 하부양방향 (헌릉로)/통제:부분통제  서울청,1,0,0,1210006705,127.075361,37.458333,분당내곡간도시고속화도로,분당내곡간도시고속화도로,0,442,
202503270920,20250327092100,L93106249932,188,202107260900,202107260900,202511141800,B,0,<경찰청제공>[공사] 올림픽대로 송파구강동구 에서 미성카센타 방향 4차로 도로공사 천호대교 남단IC 연결체계 개선공사/장소:올림픽대로 풍납동 및 천호동 일원/1개차로 부분점용 서울청,1,0,0,1230005304,127.114639,37.538306,올림픽대로,올림픽대로,0,434,
202503270920,20250327092100,L93137884522,170,202410272300,202410272300,202504302359,B,0,<경찰청제공>[공사] 경인로 영등포고가차도 에서 영등포고가차도 방향 양방향 전체차로 도로공사 [공사/전면통제] 영등포로터리 구조개선공사/ 장소: 영등포 고가차도 철거작업으로  양방향 전면통제 서울청,1,0,0,1180073500,126.914611,37.519806,경인로,경인로,3,243,"1180000902,1180001002,1180073400"
202503270920,20250327092100,L93152095924,173,202503250900,202503250900,202503311800,B,0,<경찰청제공>[공사] 올림픽대로 동작대교 에서 반포대교  방향 1차로 도로공사 [공사] 2025년 자동차전용도로 시설물 2지역 일상유지보수공사 (연간단가) / 장소: 올림픽대로 구반포지하차도 / 부분통제  서울청,1,0,0,1210060300,126.98575,37.505028,올림픽대로,올림픽대로,0,439,
202503270920,20250327092100,L93152096252,157,202503250900,202503250900,202503271700,B,0,<경찰청제공>[공사] 내부순환도로 정릉터널입구  에서 정릉터널북측 방향 3차로 도로공사 [공사] 2025년 자동차전용도로 소규모포장정비공사 (연간단가) / 장소: 내부순환로 성산방향 정릉터널200m전~정릉터널입구 / 부분통제  서울청,1,0,0,1070055900,126.994111,37.610028,내부순환도로,내부순환도로,0,355,
202503270920,20250327092100,L93151998344,161,202503180900,202503180900,202503311700,B,0,<경찰청제공>[공사] 올림픽대로 한남대교분기점 에서 미니스톱반포1점 방향 2차로 도로공사 [공사] 2022년 자동차전용도로 강남권역 노후포장정비공사/올림픽대로  (강일방향) 반포대교~한남대교/통제:부분통제  서울청,1,0,0,1210005301,127.007694,37.51625,올림픽대로,올림픽대로,0,452,
202503270920,20250327092100,TBS-03716604,3,202303161708,202303161708,202807252359,B,99,<TBS제공>[공사소식] 강동구 고덕2동 아리수로와 고덕비즈밸리로 교차점 인근 약 200m 구간 양방면 지하철공사로 왕복 6개차로중 1~2개차로 부분통제 *공사기간 : 2023년 3월 16일부터 2028년 7월 25일까지 예정 ※일정은 현장여건에 따라 변동될 수 있음.,1,0,0,1240028301,127.160889,37.562861,강동구 고덕2동,강동구 고덕2동,1,196,1240028401
202503270920,20250327092100,L93152080253,224,202503240900,202503240900,202503281700,B,0,<경찰청제공>[공사] 강변북로 갈보리교회 에서 자양고가차도 방향 1차로 도로공사 [공사] 충격흡수시설 파손본 복구공사 / 장소: 강변북로 구리방향 자양동 756-1 / 부분통제  서울청,1,0,0,1040000102,127.078222,37.527889,강변북로,강변북로,0,460,
202503270920,20250327092100,L93151798172,84,202503010900,202503010900,202503311700,B,0,"<경찰청제공>[공사] 강남순환도시고속도로 사당IC 에서 선암교 방향 1,3차로 유지보수 [공사]강남순환로 도로시설물 유지관리 및 기타 보수작업/강남순환로 전구간(방배구간) 양방향/부분통제  서울청",1,0,0,1200050400,126.98475,37.469833,강남순환도시고속도로,강남순환도시고속도로,6,432,"1210071900,1210072100,1210072300,1210072400,1210072200,1210071800"
202503270920,20250327092100,L93152136264,255,202503270752,202503270752,202503270822,B,0,<경찰청제공>[공사] 반포대로 대검찰청 에서 반포동5132 방향 4차로 유지보수 주의운전,1,0,0,1210021904,127.005556,37.49625,반포대로,반포대로,0,362,
202503270920,20250327092100,L93151998609,142,202503180700,202503180700,202512311800,B,0,<경찰청제공>[공사] 강변북로 양화대교북측 에서 양화대교북측 방향 1차로 도로공사 [공사] 사고위험 도시고속도로 구조개선공사 /장소: 강변북로(구리) 양화대교 진입램프 /부분통제,1,0,0,1130045800,126.906333,37.548056,강변북로,강변북로,0,306,
202503270920,20250327092100,L93152020203,177,202503190700,202503190700,202505211700,B,0,<경찰청제공>[공사] 동부간선도로 탄천2교 에서 한국가스안전공사서울 방향 3차로 도로공사 [공사] 동부간선도로 진출램프교 공사 / 장소: 대치동 78-28(동부간선도로  탄천2교 인접부 /부분통제   서울청,1,0,0,1220002901,127.070972,37.502083,동부간선도로,동부간선도로,0,402,
202503270925,20250327092600,TBS-03778448,2,202410081352,202410081352,202504302359,B,99,"<TBS제공>[영등포고가차도 철거] '영등포로터리 구조개선공사'와 관련하여 경인로 서울교에서 영등포역 구간에 위치한 영등포고가차도 철거작업이 오는 10월 25일(금) 밤 11시부터 진행되어 고가차도 양방면 진입이 전면통제됩니다. 공사기간 중 신길역에서 영등포로터리를 경유하는 영등포역 직진 방향과 신길지하차도 좌회전 방향은 통행이 불가하고, 경인로, 영등포로, 신길로 등 교통 혼잡이 예상되니 미리 다른도로로 우회하시기 바랍니다. ＊공사기간(고가철거시행) : 2024년 10월 25일(금)~2025년 4월 말까지(예정)",1,0,0,1180073400,126.913417,37.518972,경인로,경인로,1,141,1180073500
202503270925,20250327092600,L93151897353,85,202503100900,202503100900,202503281800,B,0,<경찰청제공>[공사] 올림픽대로 강일IC 에서 강일IC 방향 양방향 전체차로 도로공사 [공사]세종포천고속도로 안성구리간 건설공사 제14공구/장소:올림픽대로 강일IC~암사IC구간(양방향)/부분통제  서울청,1,0,0,1240057300,127.164,37.572806,올림픽대로,올림픽대로,3,466,"1240055101,1240055003,1240057100"
202503270925,20250327092600,L93152136496,11,202503261830,202503261830,202504052200,B,0,<경찰청제공>[통제] 동남로 대명초교입구교차로 에서 생태공원삼거리 방향 양방향 전체차로 공사 [도로침하/전면통제] 동남로 생태공원삼거리↔대명초교사거리 도로침하로 양방향 전면통제  서울청,1,0,0,1240012300,127.15575,37.546111,동남로,동남로,2,388,"1240011402,1240012400"
202503270925,20250327092600,L93106245889,42,202107220000,202107220000,202511142359,B,0,<경찰청제공>[공사] 올림픽대로 올림픽대교 에서 천호대교 방향 4차로 도로공사 천호대로 남단IC 연결체계 개선공사 올림픽대로 천호대로 남단IC 부분통제 서울청,1,0,0,1230005404,127.118333,37.540972,올림픽대로,올림픽대로,0,241,
202503270925,20250327092600,L93152096070,158,202503250900,202503250900,202503271700,B,0,<경찰청제공>[공사] 내부순환도로 월곡IC 에서 길음IC 방향 3차로 도로공사 [공사] 2025년 자동차전용도로 소규모포장 정비공사 (연간단가) / 장소: 내부순환로 성산방향 월곡IC700m~길음IC/부분통제  서울청,1,0,0,1070074100,127.040833,37.597278,내부순환도로,내부순환도로,1,438,1070000600
202503270925,20250327092600,L93151914954,65,202503120900,202503120900,202503311700,B,0,<경찰청제공>[공사] 강남대로 한남대교남측 에서 용산구강남구 방향 1차로 도로공사 [공사] 한남대교 중앙분리대 이동통신 중계기사설 이설공사/장소: 한남대교 중앙분리대/통제:부분통제  서울청,1,0,0,1220342400,127.01325,37.526833,강남대로,강남대로,0,457,
202503270925,20250327092600,L93106217263,94,202106300000,202106300000,202804302359,B,0,"<경찰청제공>[공사] 영동대로 삼성역사거리 에서 코엑스 방향 6차로 도로공사 영동대로 지하공간 복합개발 건설공사, 장소: 코엑스사거리~삼상역 일원 부분통제 서울청",1,0,0,1220003402,127.061583,37.512056,영동대로,영동대로,0,167,
202503270925,20250327092600,L93151998499,162,202503180900,202503180900,202503311700,B,0,<경찰청제공>[공사] 올림픽대로 성수대교남측 에서 상지카일룸1차 방향 5차로 도로공사 [공사] 2022년 자동차전용도로 강남권역 노후포장정비공사/올림픽대로 (강일방향) 성수대교 5차로/통제:부분통제  서울청,1,0,0,1220005401,127.038222,37.53175,올림픽대로,올림픽대로,0,463,
202503270925,20250327092600,TBS-03754740,2,202401111758,202401111758,202607290500,B,99,"<TBS제공>[공사소식] 서부간선도로 일반도로화 및 친환경공간 조성공사로 인해 서부간선도로 목동교에서 신정교구간 양방면과. 광명대교에서 금천교구간 양방면의 야간공사 (22:00~익일 05:00)가 진행됩니다. 왕복 4개차로중 2개차로씩 부분통제로 서부간선도로 등 주변도로 정체 및 혼잡 예상되니 이용에 참고하시기 바랍니다. *공사기간 : 2023년 12월 20일~2026년 7월 28일(광명대교~금천교), 2024년1월 15일~2026년 7월 8일(목동교~신정교) 22:00~05:00 (야간공사) ※주간에는 기존 왕복 4개차로 유지",1,0,0,1170030200,126.878806,37.474667,서부간선도로,서부간선도로,7,222,"1170030300,1180001303,1180002102,1180002202,1180077200,2130043400,2130043500"
202503270925,20250327092600,2025031101832,5,202501052100,202501060000,202506302359,B,99,천호대로 광나루역방향 아차산역 스타벅스 앞 도로 배수관정비공사로 부분통제 01/06~06/30 24시간,1,2,0,1040003702,127.090028,37.550778,천호대로,아차산역 스타벅스 앞 도로,2,107,"1040003703,1040003704"
202503270925,20250327092600,L93151897272,203,202503100900,202503100900,202505091700,B,0,<경찰청제공>[공사] 신월여의지하도로 여의나루JC 에서 신월요금소 방향 양방향 전체차로 도로공사 [공사]신월여의지하도로 정기안전점검용역(25년상반기)/장소:신월여의지하차도 양방향/부분통제  서울청,1,0,0,1140282101,126.900972,37.526694,신월여의지하도로,신월여의지하도로,0,267,
202503270925,20250327092600,L93151476461,245,202502100700,202502100700,202506301700,B,0,<경찰청제공>[공사] 강변북로 상암동48792 에서 공중화장실중앙연결브 방향 1차로 도로공사 [공사] 월드컵공원 강변북로 관문녹지 경관개선사업공사/장소: 마포구 상암동 487-92/통제:부분통제  서울청,1,0,0,1130005802,126.883083,37.564833,강변북로,강변북로,0,315,
202503270925,20250327092600,L93152059021,117,202503220900,202503220900,202504211700,B,0,<경찰청제공>[공사] 강변북로 양화대교북측 에서 양화대교북측 방향 1차로 도로공사 [공사] 2025년 도로시설물 인접 위험수목정비공사 / 장소: 강변북로 양화대교 북단 녹지 / 부분통제  서울청,1,0,0,1130001901,126.908056,37.54625,강변북로,강변북로,0,462,
202503270925,20250327092600,L93152031718,65,202503200900,202503200900,202503281800,B,0,"<경찰청제공>[공사] 올림픽대로 잠실철교 에서 잠실대교 방향 1차로 도로공사 [공사]정밀안전점검 교통통제 및 점검장비 임대용역/ 장소: 올림픽대로 하행3교, 하행4교, 상행1교/ 부분통제 서울청",1,0,0,1230086800,127.098528,37.521472,올림픽대로,올림픽대로,0,444,
202503270925,20250327092600,L93152096117,158,202503250900,202503250900,202503271700,B,0,<경찰청제공>[공사] 정릉로 길음IC 에서 서울경기양돈농협종암 방향 3차로 도로공사 [공사] 2025년 자동차전용도로 소규모포장 정비공사 (연간단가) / 장소: 내부순환로 성동방향 길음IC/ 부분통제  서울청,1,0,0,1070047700,127.029111,37.604417,정릉로,정릉로,0,458,
202503270925,20250327092600,L93151998662,162,202503180900,202503180900,202503311700,B,0,"<경찰청제공>[공사] 올림픽대로 동작대교JC 에서 여의교앞교차로 방향 2,3,4,5,6차로 재포장 [공사] 2022년 자동차전용도로 강남권역 노후포장 정비공사 /장소: 올림픽대로(공항방향) 한강대교~여의교(2,3,4,5,6차로) /부분통제  서울청",1,0,0,1190000200,126.956333,37.514222,올림픽대로,올림픽대로,2,371,"1190041200,1190007003"
202503270925,20250327092600,L93152096600,158,202503250900,202503250900,202503271700,B,0,"<경찰청제공>[공사] 내부순환도로 마장IC 에서 월곡IC 방향 양방향 1,2,3차로 도로공사 [공사] 2025년 자동차전용도로 소규모포장 정비공사(연간단가) / 장소: 내부순환로 양방향 마장IC지난 1.4km~월곡IC 전 500m / 부분통제    서울청",1,0,0,1050059700,127.034528,37.573972,내부순환도로,내부순환도로,2,373,"1050059900,1070074100"
202503270925,20250327092600,L93152045230,235,202503210900,202503210900,202503281800,B,0,<경찰청제공>[공사] 올림픽대로 잠실대교JC 에서 잠실대교JC 방향 1차로 도로공사 [공사] 2024년 정밀안전점검 교통통제및 점검장비 임대 용역/장소: 올림픽대로 하행3교 하부 (잠실토끼굴)/통제:부분통제  서울청,1,0,0,1230088400,127.097889,37.521361,올림픽대로,올림픽대로,0,269,
202503270925,20250327092600,L93106252600,138,202107290000,202107290000,202511292359,B,0,<경찰청제공>[공사] 연결 체계 에서 개선공사 방향 1차로 도로공사 장소: 올림픽대로 잠실대교 남단IC본선및 연결로/통제방법: 부분통제 서울청,1,0,0,1230005001,127.095111,37.519583,연결,연결,0,333,
202503270925,20250327092600,L93146544022,150,202501010715,202501010715,202503311700,B,0,<경찰청제공>[공사] 서부간선도로 목동교 에서 신정교 방향 2차로 도로공사 [공사] 서부간선도로 일반도로화 및 친환경공간 조성공사 / 장소: 서부간선도로 목동교~신정교 / 부분통제  서울청,1,0,0,1185077100,126.889194,37.529917,서부간선도로,서부간선도로,6,341,"1185076200,1185074600,1185073200,1185023300,1185074300,1185195600"
202503270925,20250327092600,L93152045135,139,202503210900,202503210900,202504111600,B,0,<경찰청제공>[공사] 강남순환도시고속도로 우면동4429 에서 서초터널 방향 1차로 도로공사 [공사] 1차로 공동구 보수공사/장소: 강남순환고속도로 성산방향 서초터널내 0.9K 1차로상/통제:부분통제  서울청,1,0,0,1210072400,127.017361,37.46275,강남순환도시고속도로,강남순환도시고속도로,0,358,
202503270925,20250327092600,L93152058927,153,202503220900,202503220900,202503291800,B,0,<경찰청제공>[공사] 우면산로 선암로IC 에서 우면산터널남측 방향 1차로 도로공사 [공사] 우면산터널요금소 하이패스 설치공사 / 장소: 우면산터널 요금소 / 부분통제  서울청,1,0,0,1210008902,127.018833,37.463306,우면산로,우면산로,0,437,
202503270925,20250327092600,L93151998573,162,202503180900,202503180900,202503311700,B,0,<경찰청제공>[공사] 올림픽대로 청담동3412 에서 씨티1차아파트 방향 1차로 도로공사 [공사] 2022년 자동차전용도로 강남권역 노후포장정비공사/올림픽대로 (공항방향) 성수대교 1차로/통제:부분통제  서울청,1,0,0,1220005503,127.054111,37.527583,올림픽대로,올림픽대로,0,454,
202503270925,20250327092600,L93151905429,6,202503110900,202503110900,202503311800,B,0,<경찰청제공>[공사] 광평로 수서역교차로 에서 궁마을삼거리 방향 1차로 가로수 벌목 [공사] 수목전지작업/ 장소: 강남구 광평로47길 17 수서신동아아파트/ 부분통제  서울청,1,0,0,1220010004,127.099556,37.486639,광평로,광평로,0,443,
202503270925,20250327092600,L93152135606,3,202503270900,202503270900,202504301800,B,0,<경찰청제공>[공사] 올림픽대로 올림픽대교남단IC 에서 올림픽대교남단IC 방향 1차로 유지보수 [공사]과속단속카메라 점검/ 장소: 신천동 255-2 올림픽대로 김포방면/ 부분통제  서울청,1,0,0,1230090200,127.107194,37.527833,올림픽대로,올림픽대로,0,441,
202503270925,20250327092600,L93151797841,251,202503010714,202503010714,202505021700,B,0,"<경찰청제공>[공사] 강변북로 동호대교 에서 한남대교 방향 1차로 유지보수 [공사]2024년 두모교 보수공사/장소:강변북로 두모교 일산방면 상부(옥수동 489-1부근, 한남동 784부근)/부분통제  서울청",1,0,0,1030001100,127.018056,37.539639,강변북로,강변북로,1,347,1020000902
202503270925,20250327092600,L93151998430,162,202503180900,202503180900,202503311700,B,0,<경찰청제공>[공사] 올림픽대로 반포대교JC 에서 한남대교분기점 방향 1차로 도로공사 [공사] 2022년 자동차전용도로 강남권역 노후포장정비공사/올림픽대로 (강일방향) 반포대교~한남대교/통제:부분통제  서울청,1,0,0,1210005402,127.011583,37.519278,올림픽대로,올림픽대로,0,242,
202503270925,20250327092600,S000000384016,16,202503270701,202503270701,202503270928,B,4,<서울시설공단제공>분당수서로 청담대교 방향 탄천1교→청담대교남단 시설물보수 3차로차단,1,2,0,1220003000,127.073333,37.501361,분당수서로,탄천1교→청담대교남단,0,318,
202503270925,20250327092600,L93142092407,102,202411251000,202411251000,202506161600,B,0,<경찰청제공>[공사] 내부순환도로 홍제천 고가교  에서 예그린유치원 방향 1차로 도로공사 [공사] 2024년 홍제천고가교 정밀안전진단 및 실태조사 용역/ 장소: 내부순환로 홍제천고가교 /부분통제   서울청,1,0,0,1120001400,126.935583,37.579583,내부순환도로,내부순환도로,0,246,
202503270925,20250327092600,L93152080430,248,202503240900,202503240900,202503311800,B,0,<경찰청제공>[공사] 올림픽대로 염창IC 에서 염창교 방향 1차로 노변 유지보수 [공사]2024년 정밀안전점검 교통통제 및 점검장비 임대 용역/ 장소: 올림픽대로 염창지하차도/ 부분통제  서울청,1,0,0,1150060200,126.875028,37.554389,올림픽대로,올림픽대로,0,469,
202503270925,20250327092600,L93137338199,220,202409020900,202409020900,202908311800,B,0,<경찰청제공>[공사] 동일로 영동대교고가차도북측 에서 영동대교북단고가차도 방향 1차로 도로공사 [공사] 동부간선도로 지하화 민긴투자사업 제1공구 건설공사 / 장소 : 성수동2가 204-16~성수동2가 217-4번지 / 부분통제  서울청,1,0,0,1040026800,127.06025,37.535528,동일로,동일로,0,451,
202503270925,20250327092600,L93151897423,203,202503100900,202503100900,202503301700,B,0,<경찰청제공>[공사] 경부고속도로 반포IC 에서 양재IC 방향 4차로 도로공사 [공사]2025년 가로변 위험수목 정비사업/장소:경부고속도로 하행선(반포IC→양재IC)외 서초구 일대  서울청,1,0,0,1210004701,127.018528,37.502667,경부고속도로,경부고속도로,3,464,"1210004100,1210003000,1210001903"
202503270925,20250327092600,L93151983635,231,202503170900,202503170900,202504161700,B,0,<경찰청제공>[공사] 올림픽대로 청수근린공원 에서 청담1교 방향 1차로 도로공사 [공사] 청담도로공원 교통시설물 설치공사/ 장소: 올림픽대로 청담도로공원(삼성동80)/ 부분통제  서울청,1,0,0,1220345901,127.060806,37.522528,올림픽대로,올림픽대로,1,453,1220345801
202503270925,20250327092600,L93152080225,225,202503240900,202503240900,202504111700,B,0,<경찰청제공>[공사] 강변북로 광진구구리시 에서 한강호텔웨딩홀 방향 1차로 도로공사 [공사] 2025년 자동차전용도로 시설물3지역 일상유지보수공사 / 장소: 강변북로 아차산대교 양방향 / 부분통제  서울청,1,0,0,1040004101,127.113167,37.55475,강변북로,강변북로,0,294,
202503270925,20250327092600,L93152045084,235,202503110900,202503110900,202504111800,B,0,<경찰청제공>[공사] 분당내곡간도시고속화도로 내곡IC 에서 내곡IC 방향 1차로 도로공사 [공사] 2025년 자동차전용도로 시설물 2지역 일상유지보수공사/장소: 내곡IC교 본선 하부양방향 (헌릉로)/통제:부분통제  서울청,1,0,0,1210006705,127.075361,37.458333,분당내곡간도시고속화도로,분당내곡간도시고속화도로,0,442,
202503270925,20250327092600,L93106249932,189,202107260900,202107260900,202511141800,B,0,<경찰청제공>[공사] 올림픽대로 송파구강동구 에서 미성카센타 방향 4차로 도로공사 천호대교 남단IC 연결체계 개선공사/장소:올림픽대로 풍납동 및 천호동 일원/1개차로 부분점용 서울청,1,0,0,1230005304,127.114639,37.538306,올림픽대로,올림픽대로,0,434,
202503270925,20250327092600,L93137884522,171,202410272300,202410272300,202504302359,B,0,<경찰청제공>[공사] 경인로 영등포고가차도 에서 영등포고가차도 방향 양방향 전체차로 도로공사 [공사/전면통제] 영등포로터리 구조개선공사/ 장소: 영등포 고가차도 철거작업으로  양방향 전면통제 서울청,1,0,0,1180073500,126.914611,37.519806,경인로,경인로,3,243,"1180000902,1180001002,1180073400"
202503270925,20250327092600,L93152095924,174,202503250900,202503250900,202503311800,B,0,<경찰청제공>[공사] 올림픽대로 동작대교 에서 반포대교  방향 1차로 도로공사 [공사] 2025년 자동차전용도로 시설물 2지역 일상유지보수공사 (연간단가) / 장소: 올림픽대로 구반포지하차도 / 부분통제  서울청,1,0,0,1210060300,126.98575,37.505028,올림픽대로,올림픽대로,0,439,
202503270925,20250327092600,L93152096252,158,202503250900,202503250900,202503271700,B,0,<경찰청제공>[공사] 내부순환도로 정릉터널입구  에서 정릉터널북측 방향 3차로 도로공사 [공사] 2025년 자동차전용도로 소규모포장정비공사 (연간단가) / 장소: 내부순환로 성산방향 정릉터널200m전~정릉터널입구 / 부분통제  서울청,1,0,0,1070055900,126.994111,37.610028,내부순환도로,내부순환도로,0,355,
202503270925,20250327092600,L93151998344,162,202503180900,202503180900,202503311700,B,0,<경찰청제공>[공사] 올림픽대로 한남대교분기점 에서 미니스톱반포1점 방향 2차로 도로공사 [공사] 2022년 자동차전용도로 강남권역 노후포장정비공사/올림픽대로  (강일방향) 반포대교~한남대교/통제:부분통제  서울청,1,0,0,1210005301,127.007694,37.51625,올림픽대로,올림픽대로,0,452,
202503270925,20250327092600,TBS-03716604,3,202303161708,202303161708,202807252359,B,99,<TBS제공>[공사소식] 강동구 고덕2동 아리수로와 고덕비즈밸리로 교차점 인근 약 200m 구간 양방면 지하철공사로 왕복 6개차로중 1~2개차로 부분통제 *공사기간 : 2023년 3월 16일부터 2028년 7월 25일까지 예정 ※일정은 현장여건에 따라 변동될 수 있음.,1,0,0,1240028301,127.160889,37.562861,강동구 고덕2동,강동구 고덕2동,1,196,1240028401
202503270925,20250327092600,L93152080253,225,202503240900,202503240900,202503281700,B,0,<경찰청제공>[공사] 강변북로 갈보리교회 에서 자양고가차도 방향 1차로 도로공사 [공사] 충격흡수시설 파손본 복구공사 / 장소: 강변북로 구리방향 자양동 756-1 / 부분통제  서울청,1,0,0,1040000102,127.078222,37.527889,강변북로,강변북로,0,460,
202503270925,20250327092600,L93151798172,85,202503010900,202503010900,202503311700,B,0,"<경찰청제공>[공사] 강남순환도시고속도로 사당IC 에서 선암교 방향 1,3차로 유지보수 [공사]강남순환로 도로시설물 유지관리 및 기타 보수작업/강남순환로 전구간(방배구간) 양방향/부분통제  서울청",1,0,0,1200050400,126.98475,37.469833,강남순환도시고속도로,강남순환도시고속도로,6,432,"1210071900,1210072100,1210072300,1210072400,1210072200,1210071800"
202503270925,20250327092600,L93151998609,143,202503180700,202503180700,202512311800,B,0,<경찰청제공>[공사] 강변북로 양화대교북측 에서 양화대교북측 방향 1차로 도로공사 [공사] 사고위험 도시고속도로 구조개선공사 /장소: 강변북로(구리) 양화대교 진입램프 /부분통제,1,0,0,1130045800,126.906333,37.548056,강변북로,강변북로,0,306,
202503270925,20250327092600,L93152020203,178,202503190700,202503190700,202505211700,B,0,<경찰청제공>[공사] 동부간선도로 탄천2교 에서 한국가스안전공사서울 방향 3차로 도로공사 [공사] 동부간선도로 진출램프교 공사 / 장소: 대치동 78-28(동부간선도로  탄천2교 인접부 /부분통제   서울청,1,0,0,1220002901,127.070972,37.502083,동부간선도로,동부간선도로,0,402,
